rxnorm_ingredient,rxcui,ddinter_drug,match_method,prescriptions,routes,unmatched_reason
epoetin alfa,105694,,unmatched,8760,systemic,"no epoetin entry; DDInter carries only Darbepoetin alfa, a different drug"
"insulin, regular, human",253182,Insulin human (regular),curated_inn_synonym,5908,systemic,
insulin isophane,1605101,Insulin human (isophane),curated_inn_synonym,5900,systemic,
lisinopril,29046,Lisinopril,exact,4627,systemic,
acetaminophen,161,Acetaminophen,exact,3755,systemic,
hydrochlorothiazide,5487,Hydrochlorothiazide,exact,3742,systemic,
amlodipine,17767,Amlodipine,exact,3673,systemic,
sodium fluoride,9873,,unmatched,3108,dental,no fluoride entry; the only match on 'fluoride' is Sulfur hexafluoride
cisplatin,2555,Cisplatin,exact,2791,systemic,
metformin,6809,Metformin,exact,2529,systemic,
paclitaxel,56946,Paclitaxel,exact,2275,systemic,
albuterol,435,Salbutamol,curated_inn_synonym,1719,inhalation,
tacrolimus,42316,Tacrolimus,exact,1389,systemic,
oxycodone,7804,Oxycodone,exact,1377,systemic,
simvastatin,36567,Simvastatin,exact,1253,systemic,
alendronate,46041,Alendronic acid,curated_inn_synonym,1178,systemic,
hydrocodone,5489,Hydrocodone,exact,1171,systemic,
ibuprofen,5640,Ibuprofen,exact,1015,systemic,
fluticasone,41126,Fluticasone,exact,972,inhalation,
furosemide,4603,Furosemide,exact,912,systemic,
tropicamide,10869,Tropicamide,exact,695,ophthalmic,
budesonide,19831,Budesonide,exact,661,inhalation,
etoposide,4179,Etoposide,exact,548,systemic,
ethinyl estradiol,4124,Ethinylestradiol,curated_inn_synonym,483,local|systemic|topical,
inert ingredients,748794,,unmatched,391,systemic,not a drug; an artefact of Synthea's contraceptive pack descriptions
amoxicillin,723,Amoxicillin,exact,371,systemic,
warfarin,11289,Warfarin,exact,349,systemic,
tramadol,10689,Tramadol,exact,313,systemic,
levonorgestrel,6373,Levonorgestrel,exact,308,implant|systemic,
norethindrone,31983,Norethisterone,curated_inn_synonym,277,systemic,
salmeterol,36117,Salmeterol,exact,262,inhalation,
clavulanate,48203,Clavulanic acid,curated_inn_synonym,249,systemic,
fentanyl,4337,Fentanyl,exact,233,systemic|topical,
digoxin,3407,Digoxin,exact,230,systemic,
verapamil,11170,Verapamil,exact,230,systemic,
codeine,2670,Codeine,exact,226,systemic,
naproxen,7258,Naproxen,exact,220,systemic,
enoxaparin,67108,Enoxaparin,exact,197,systemic,
losartan,52175,Losartan,exact,195,systemic,
metoprolol,6918,Metoprolol,exact,178,systemic,
nitroglycerin,4917,Nitroglycerin,exact,172,systemic,
penicillin V,7984,Phenoxymethylpenicillin,curated_inn_synonym,167,systemic,
etonogestrel,14584,Etonogestrel,exact,160,implant|local,
carvedilol,20352,Carvedilol,exact,144,systemic,
doxylamine,3642,Doxylamine,exact,142,systemic,
dextromethorphan,3289,Dextromethorphan,exact,142,systemic,
clopidogrel,32968,Clopidogrel,exact,138,systemic,
aspirin,1191,Acetylsalicylic acid,curated_inn_synonym,136,systemic,
epinephrine,3992,Epinephrine,exact,133,systemic,
drospirenone,11636,Drospirenone,exact,105,systemic,
norgestimate,31994,Norgestimate,exact,105,systemic,
medroxyprogesterone,6691,Medroxyprogesterone acetate,curated_inn_synonym,102,systemic,
dienogest,22968,Dienogest,exact,101,systemic,
estradiol,4083,Estradiol,exact,101,systemic,
proparacaine,34905,Proparacaine (ophthalmic),curated_inn_synonym,84,ophthalmic,
bevacizumab,253337,Bevacizumab,exact,77,systemic,
buprenorphine,1819,Buprenorphine,exact,76,systemic,
naloxone,7242,Naloxone,exact,76,systemic,
oxaliplatin,32592,Oxaliplatin,exact,62,systemic,
leucovorin,6313,Leucovorin,exact,62,systemic,
loratadine,28889,Loratadine,exact,59,systemic,
vitamin B12,11248,Cyanocobalamin,curated_inn_synonym,57,systemic,
ferrous sulfate,24947,Ferrous sulfate anhydrous,curated_inn_synonym,53,systemic,
heparin,5224,Heparin,exact,48,systemic,
ondansetron,26225,Ondansetron,exact,44,systemic,
meperidine,6754,Meperidine,exact,43,systemic,
ciprofloxacin,2551,Ciprofloxacin,exact,41,systemic,
rocuronium,68139,Rocuronium,exact,39,systemic,
propofol,8782,Propofol,exact,39,systemic,
fexofenadine,87636,Fexofenadine,exact,38,systemic,
nitrofurantoin,7454,Nitrofurantoin,exact,38,systemic,
diphenhydramine,3498,Diphenhydramine,exact,37,systemic,
cefazolin,2180,Cefazolin,exact,37,systemic,
midazolam,6960,Midazolam,exact,36,systemic,
hydrocortisone,5492,Hydrocortisone,exact,36,topical,
prasugrel,613391,Prasugrel,exact,35,systemic,
protamine sulfate (USP),8825,,unmatched,34,systemic,"present only inside combination insulin names, not standalone"
norelgestromin,326374,Norelgestromin,exact,31,topical,
isoflurane,6026,Isoflurane,exact,27,inhalation,
atorvastatin,83367,Atorvastatin,exact,27,systemic,
chlorpheniramine,2400,Chlorpheniramine,exact,25,systemic,
diazepam,3322,Diazepam,exact,25,systemic,
carbamazepine,2002,Carbamazepine,exact,24,systemic,
prednisone,8640,Prednisone,exact,22,systemic,
cefuroxime,2194,Cefuroxime,exact,22,systemic,
galantamine,4637,Galantamine,exact,22,systemic,
sulfamethoxazole,10180,Sulfamethoxazole,exact,21,systemic,
clonazepam,2598,Clonazepam,exact,21,systemic,
trimethoprim,10829,Trimethoprim,exact,21,systemic,
fluorouracil,4492,Fluorouracil,exact,20,systemic,
cephalexin,2231,Cephalexin,exact,20,systemic,
astemizole,42328,Astemizole,exact,19,systemic,
donepezil,135447,Donepezil,exact,19,systemic,
cetirizine,20610,Cetirizine,exact,18,systemic,
memantine,6719,Memantine,exact,18,systemic,
morphine,7052,Morphine,exact,17,systemic,
cyclophosphamide,3002,Cyclophosphamide,exact,16,systemic,
tazobactam,37617,Tazobactam,exact,16,systemic,
piperacillin,8339,Piperacillin,exact,16,systemic,
valsartan,69749,Valsartan,exact,16,systemic,
doxycycline,3640,Doxycycline,exact,14,systemic,
hydroxychloroquine,5521,Hydroxychloroquine,exact,13,systemic,
vancomycin,11124,Vancomycin,exact,13,systemic,
tenofovir disoproxil,300195,,unmatched,12,systemic,no tenofovir entry; only Adefovir dipivoxil and Cidofovir
beclomethasone,1347,Beclomethasone dipropionate,curated_inn_synonym,12,inhalation,
lamivudine,68244,Lamivudine,exact,12,systemic,
raltegravir,719872,Raltegravir,exact,12,systemic,
sacubitril,1656328,Sacubitril,exact,11,systemic,
sufentanil,56795,Sufentanil,exact,11,systemic,
nicotine,7407,Nicotine,exact,10,topical,
remifentanil,73032,Remifentanil,exact,10,systemic,
mestranol,6782,Mestranol,exact,10,systemic,
bivalirudin,60819,Bivalirudin,exact,9,systemic,
alfentanil,203203,Alfentanil,exact,9,systemic,
docetaxel,72962,Docetaxel,exact,8,systemic,
leuprolide,42375,Leuprolide,exact,8,systemic,
doxorubicin,3639,Doxorubicin,exact,8,systemic,
alteplase,8410,Alteplase,exact,8,systemic,
allopurinol,519,Allopurinol,exact,8,systemic,
carboplatin,40048,Carboplatin,exact,8,systemic,
desflurane,27340,Desflurane,exact,7,inhalation,
ticagrelor,1116632,Ticagrelor,exact,7,systemic,
norepinephrine,7512,Norepinephrine,exact,7,systemic,
fosfomycin,4550,Fosfomycin,exact,6,systemic,
tamoxifen,10324,Tamoxifen,exact,6,systemic,
sodium chloride,9863,Sodium chloride,exact,5,systemic,
ribociclib,1873916,Ribociclib,exact,5,systemic,
sevoflurane,36453,Sevoflurane,exact,5,inhalation,
azithromycin,18631,Azithromycin,exact,5,systemic,
atenolol,1202,Atenolol,exact,4,systemic,
milnacipran,588250,Milnacipran,exact,4,systemic,
cyclosporine,3008,Cyclosporine,exact,4,systemic,
atomoxetine,38400,Atomoxetine,exact,4,systemic,
duloxetine,72625,Duloxetine,exact,4,systemic,
tenofovir alafenamide,1721603,,unmatched,4,systemic,no tenofovir entry; only Adefovir dipivoxil and Cidofovir
levothyroxine,10582,Levothyroxine,exact,4,systemic,
bictegravir,1999660,Bictegravir,exact,4,systemic,
emtricitabine,276237,Emtricitabine,exact,4,systemic,
terfenadine,42330,Terfenadine,exact,3,systemic,
lorazepam,6470,Lorazepam,exact,3,systemic,
methylphenidate,6901,Methylphenidate,exact,3,systemic,
ferrous fumarate,24941,Ferrous fumarate,exact,3,systemic,
fluoxetine,4493,Fluoxetine,exact,3,systemic,
clindamycin,2582,Clindamycin,exact,3,systemic,
pravastatin,42463,Pravastatin,exact,3,systemic,
palbociclib,1601374,Palbociclib,exact,2,systemic,
anastrozole,84857,Anastrozole,exact,2,systemic,
abemaciclib,1946825,Abemaciclib,exact,2,systemic,
fulvestrant,282357,Fulvestrant,exact,2,systemic,
tacrine,10318,Tacrine,exact,2,systemic,
sertraline,36437,Sertraline,exact,2,systemic,
nebivolol,31555,Nebivolol,exact,2,systemic,
aztreonam,1272,Aztreonam,exact,2,systemic,
lovastatin,6472,Lovastatin,exact,2,systemic,
enalapril,3827,Enalapril,exact,2,systemic,
pregabalin,187832,Pregabalin,exact,1,systemic,
cefaclor,2176,Cefaclor,exact,1,systemic,
cefpodoxime,20489,Cefpodoxime,exact,1,systemic,
methotrexate,6851,Methotrexate,exact,1,systemic,
quinapril,35208,Quinapril,exact,1,systemic,
irbesartan,83818,Irbesartan,exact,1,systemic,
norethynodrel,7515,,unmatched,1,systemic,not present at any spelling
penicillin G,7980,Benzylpenicillin,curated_inn_synonym,1,systemic,
colchicine,2683,Colchicine,exact,1,systemic,
benazepril,18867,Benazepril,exact,1,systemic,
labetalol,6185,Labetalol,exact,1,systemic,
rosuvastatin,301542,Rosuvastatin,exact,1,systemic,
propranolol,8787,Propranolol,exact,1,systemic,
reteplase,76895,Reteplase,exact,1,systemic,
ceftriaxone,2193,Ceftriaxone,exact,1,systemic,
timolol,10600,Timolol,exact,1,ophthalmic,
dorzolamide,60207,Dorzolamide (ophthalmic),curated_inn_synonym,1,ophthalmic,
